{
  "intents": [
    {
      "tag": "greeting",
      "patterns": [
        "Hi",
        "Hello",
        "How are you?",
        "Good day",
        "Good morning",
        "Good evening"
      ],
      "responses": [
        "Hello! How can I assist you today?",
        "Hi there, how can I help?",
        "Hello, thanks for visiting"
      ]
    },
    {
      "tag": "goodbye",
      "patterns": ["Bye", "See you later", "Goodbye"],
      "responses": ["Goodbye! Have a great day!", "See you later! Take care!"]
    },
    {
      "tag": "thanks",
      "patterns": ["Thanks", "Thank you", "That's helpful"],
      "responses": ["Happy to help!", "Anytime!", "My pleasure!"]
    },
    {
      "tag": "category_query",
      "patterns": [
        "What laptops do you have?",
        "Show me desktops",
        "I am looking for smartphones",
        "Do you sell tablets?",
        "Available monitors",
        "Laptops in stock",
        "Can you recommend a laptop?",
        "What are your best cameras?",
        "What products are in the {category} category?"
      ],
      "responses": [
        "Here are some {category} we have available: [{category}_link].",
        "We have a variety of {category}. Check them out here: [{category}_link].",
        "Looking for {category}? Browse our selection here: [{category}_link].",
        "Yes, we sell {category}. Here are the ones currently available: [{category}_link].",
        "Need a {category} recommendation? Explore our top picks: [{category}_link]."
      ]
    },
    {
      "tag": "brand_query",
      "patterns": [
        "What Dell products do you have?",
        "Show me HP products",
        "I am looking for Lenovo products",
        "Do you sell Samsung products?",
        "Available Apple products",
        "HP products in stock",
        "Can you recommend a Dell product?",
        "What are your best Acer products?",
        "What {brand} products are available?"
      ],
      "responses": [
        "Here are some {brand} products we have available: [{brand}_link].",
        "We have a variety of {brand} products. Check them out here: [{brand}_link].",
        "Looking for {brand} products? Browse our selection here: [{brand}_link].",
        "Yes, we sell {brand} products. Here are the ones currently available: [{brand}_link].",
        "Need a {brand} product recommendation? Explore our top picks: [{brand}_link]."
      ]
    },
    {
      "tag": "hours",
      "patterns": [
        "What hours are you open?",
        "What are your hours?",
        "Are you open today?",
        "When do you open today?",
        "What are your hours today?",
        "When are you open?"
      ],
      "responses": [
        "We're open every day from 09:00am - 05:00pm",
        "Our hours are 09:00am - 05:00pm every day"
      ]
    },
    {
      "tag": "payments",
      "patterns": [
        "Do you take credit cards?",
        "Do you accept Mastercard?",
        "Are you cash only?"
      ],
      "responses": [
        "We accept VISA, Mastercard, Valu, and Meza",
        "We accept most major credit cards"
      ]
    }
  ]
}
